,symbol
ENSG00000289385,ENSG00000289385
ENSG00000260990,ENSG00000260990
ENSG00000278013,ENSG00000278013
ENSG00000139515,PDX1
ENSG00000229950,TFAP2A-AS1
ENSG00000232366,VDAC1P9
ENSG00000130540,SULT4A1
ENSG00000238845,Y_RNA
ENSG00000227708,LINC01850
ENSG00000271715,ENSG00000271715
ENSG00000224476,RPL36P16
ENSG00000228237,EFCAB14-AS1
ENSG00000237106,FABP5P15
ENSG00000112837,TBX18
ENSG00000289752,ENSG00000289752
ENSG00000226523,ENSG00000226523
ENSG00000249487,LINC01586
ENSG00000171478,SPACA5B
ENSG00000249906,NGFR-AS1
ENSG00000200883,Y_RNA
ENSG00000275924,MIR6807
ENSG00000246774,COL25A1-DT
ENSG00000277581,ENSG00000277581
ENSG00000165953,SERPINA12
ENSG00000176988,FMR1NB
ENSG00000291257,ENSG00000291257
ENSG00000290777,ENSG00000290777
ENSG00000230834,ENSG00000230834
ENSG00000244104,RN7SL659P
ENSG00000232894,MRPS31P2
ENSG00000249912,TRBV26
ENSG00000168367,LINC00917
ENSG00000233081,ENSG00000233081
ENSG00000238173,RPL39P6
ENSG00000213107,AHCYP5
ENSG00000259993,ENSG00000259993
ENSG00000108018,SORCS1
ENSG00000252812,RN7SKP2
ENSG00000184029,DSCR4
ENSG00000287663,ENSG00000287663
ENSG00000221331,MIR548Q
ENSG00000286655,ENSG00000286655
ENSG00000269911,FAM226B
ENSG00000199598,RNU6-859P
ENSG00000263403,MIR4673
ENSG00000251533,LINC00605
ENSG00000266420,RN7SL118P
ENSG00000263526,MIR378G
ENSG00000179751,SYCN
ENSG00000234380,LINC01426
ENSG00000234122,TRBV22OR9-2
ENSG00000270068,ENSG00000270068
ENSG00000271433,PPATP2
ENSG00000289052,ENSG00000289052
ENSG00000275140,SEC22B3P
ENSG00000290913,ENSG00000290913
ENSG00000286900,ENSG00000286900
ENSG00000232337,ENSG00000232337
ENSG00000178503,NECAP1P1
ENSG00000177233,OR2M1P
ENSG00000280227,ENSG00000280227
ENSG00000169218,RSPO1
ENSG00000249798,HSD3BP3
ENSG00000251376,ENSG00000251376
ENSG00000252174,RNU7-18P
ENSG00000162891,IL20
ENSG00000203506,RBMS3-AS2
ENSG00000249761,ENSG00000249761
ENSG00000287551,ENSG00000287551
ENSG00000287795,ENSG00000287795
ENSG00000248651,GCSHP1
ENSG00000249448,MTCO1P24
ENSG00000213908,CYP2A7P1
ENSG00000226798,ENSG00000226798
ENSG00000226846,LINC00348
ENSG00000271172,ENSG00000271172
ENSG00000196277,GRM7
ENSG00000283579,ENSG00000283579
ENSG00000287136,ENSG00000287136
ENSG00000262316,RPL7L1P19
ENSG00000291011,ENSG00000291011
ENSG00000259254,ENSG00000259254
ENSG00000234943,ENSG00000234943
ENSG00000231404,RAC1P3
ENSG00000293597,LINC00970
ENSG00000278457,5S_rRNA
ENSG00000234274,COX7BP2
ENSG00000247372,ENSG00000247372
ENSG00000275940,MRPL57P3
ENSG00000286985,ENSG00000286985
ENSG00000285543,ENSG00000285543
ENSG00000262094,ENSG00000262094
ENSG00000275232,ENSG00000275232
ENSG00000253793,ENSG00000253793
ENSG00000230731,LINC02938
ENSG00000203334,ENSG00000203334
ENSG00000279993,ENSG00000279993
ENSG00000260436,ENSG00000260436
ENSG00000265395,MIR3944
ENSG00000288622,PDCD6-AHRR
ENSG00000229454,ENSG00000229454
ENSG00000232267,ACTR3P2
ENSG00000265437,ENSG00000265437
ENSG00000259828,ENSG00000259828
ENSG00000277168,Metazoa_SRP
ENSG00000278513,ENSG00000278513
ENSG00000250473,DUTP7
ENSG00000254762,KLC2-AS2
ENSG00000248738,ENSG00000248738
ENSG00000257658,ENSG00000257658
ENSG00000235861,ENSG00000235861
ENSG00000258964,ENSG00000258964
ENSG00000224106,CYP4F25P
ENSG00000269846,ENSG00000269846
ENSG00000261156,LINC01989
ENSG00000201957,ENSG00000201957
ENSG00000289224,ENSG00000289224
ENSG00000255845,ENSG00000255845
ENSG00000227054,FDX1P2
ENSG00000277479,ENSG00000277479
ENSG00000116035,VAX2
ENSG00000228527,ENSG00000228527
ENSG00000223203,RNA5SP221
ENSG00000259779,LINC01922
ENSG00000236857,RAP1BP1
ENSG00000230804,CDRT15P14
ENSG00000266941,ENSG00000266941
ENSG00000271412,PRR13P3
ENSG00000229937,PRPS1L1
ENSG00000214754,SRSF8CP
ENSG00000283782,ENSG00000283782
ENSG00000270916,RPL12P50
ENSG00000285190,ENSG00000285190
ENSG00000288068,ENSG00000288068
ENSG00000279711,ENSG00000279711
ENSG00000231119,ENSG00000231119
ENSG00000252802,Y_RNA
ENSG00000271378,RBISP2
ENSG00000280354,ENSG00000280354
ENSG00000286082,ENSG00000286082
ENSG00000216035,MIR938
ENSG00000207974,MIR557
ENSG00000267678,ENSG00000267678
ENSG00000253744,ENSG00000253744
ENSG00000222529,Y_RNA
ENSG00000233702,RPL37P13
ENSG00000268509,ENSG00000268509
ENSG00000228219,NPM1P30
ENSG00000248112,ENSG00000248112
ENSG00000206772,RNU6-44P
ENSG00000223513,ATP6V0E1P2
ENSG00000224074,LINC00691
ENSG00000231274,SBK3
ENSG00000264423,RN7SL718P
ENSG00000262528,ENSG00000262528
ENSG00000259821,ENSG00000259821
ENSG00000145194,ECE2
ENSG00000227213,SPATA13-AS1
ENSG00000152402,GUCY1A2
ENSG00000239706,CRADDP1
ENSG00000257528,KRT8P19
ENSG00000285715,ENSG00000285715
ENSG00000266676,MIR4297
ENSG00000201998,SNORA23
ENSG00000285666,ENSG00000285666
ENSG00000258262,MTCH2P2
ENSG00000256218,ENSG00000256218
ENSG00000253301,LINC01606
ENSG00000201663,Y_RNA
ENSG00000259179,UBE2CP4
ENSG00000275213,Metazoa_SRP
ENSG00000248340,PIMREGP4
ENSG00000243700,RN7SL598P
ENSG00000226473,PPIAP62
ENSG00000293245,ENSG00000293245
ENSG00000271989,ENSG00000271989
ENSG00000225128,LINC00972
ENSG00000206663,Y_RNA
ENSG00000293346,ENSG00000293346
ENSG00000265948,ENSG00000265948
ENSG00000290078,ENSG00000290078
ENSG00000219188,CACYBPP3
ENSG00000235486,ANAPC1P6
ENSG00000236924,ENSG00000236924
ENSG00000207551,MIR608
ENSG00000286731,ENSG00000286731
ENSG00000164099,PRSS12
ENSG00000278898,ENSG00000278898
ENSG00000258420,LONRF2P3
ENSG00000235597,LINC01102
ENSG00000286274,ENSG00000286274
ENSG00000275101,MIR6766
ENSG00000271899,MIR4466
ENSG00000233646,OR52T1P
ENSG00000235207,TUBBP6
ENSG00000163762,TM4SF18
ENSG00000229791,ENSG00000229791
ENSG00000288603,SNORA74C-2
ENSG00000248827,ENSG00000248827
ENSG00000255035,SDHCP4
ENSG00000279337,ENSG00000279337
ENSG00000207420,Y_RNA
ENSG00000213900,RPS17P1
ENSG00000227069,CNN2P2
ENSG00000227857,ENSG00000227857
ENSG00000238835,SCARNA18
ENSG00000166415,WDR72
ENSG00000265174,ENSG00000265174
ENSG00000285188,PDE4C
ENSG00000276992,ENSG00000276992
ENSG00000205861,PCOTH
ENSG00000201709,RNU6-686P
ENSG00000214141,ACTN4P2
ENSG00000263717,ENSG00000263717
ENSG00000174576,NPAS4
ENSG00000239628,ENSG00000239628
ENSG00000223837,ENSG00000223837
ENSG00000259680,IGHV3OR16-17
ENSG00000152467,ZSCAN1
ENSG00000252112,SNORD63
ENSG00000273217,ENSG00000273217
ENSG00000249193,HSPD1P5
ENSG00000229402,ENSG00000229402
ENSG00000197921,HES5
ENSG00000255856,ENSG00000255856
ENSG00000289897,ENSG00000289897
ENSG00000286500,ENSG00000286500
ENSG00000287098,ENSG00000287098
ENSG00000242062,MARK2P6
ENSG00000271697,ENSG00000271697
ENSG00000236138,DUX4L26
ENSG00000130988,RGN
ENSG00000226556,NPM1P49
ENSG00000186143,PRR30
ENSG00000238719,RNU7-96P
ENSG00000199874,RNA5SP452
ENSG00000196350,ZNF729
ENSG00000213137,ARF1P2
ENSG00000237743,FBP2P1
ENSG00000202224,Y_RNA
ENSG00000293275,ENSG00000293275
ENSG00000240328,ENSG00000240328
ENSG00000213560,ENSG00000213560
ENSG00000207965,MIR629
ENSG00000168959,GRM5
ENSG00000132026,RTBDN
ENSG00000231188,ENSG00000231188
ENSG00000227769,ENSG00000227769
ENSG00000212517,ENSG00000212517
ENSG00000273172,LINC02091
ENSG00000230274,PGAM1P3
ENSG00000259134,LINC00924
ENSG00000290080,ENSG00000290080
ENSG00000206895,Y_RNA
ENSG00000251633,GYG1P1
ENSG00000258196,ENSG00000258196
ENSG00000251803,Y_RNA
ENSG00000259909,ENSG00000259909
ENSG00000224920,TACC1P1
ENSG00000258975,ENSG00000258975
ENSG00000264063,ENSG00000264063
ENSG00000271134,IFITM3P9
ENSG00000286459,ENSG00000286459
ENSG00000280778,ENSG00000280778
ENSG00000231422,LINC01516
ENSG00000225620,ENSG00000225620
ENSG00000221900,POM121L12
ENSG00000236963,LINC01141
ENSG00000235315,RPL23AP69
ENSG00000224540,TFDP1P1
ENSG00000225146,ENSG00000225146
ENSG00000276958,ENSG00000276958
ENSG00000124835,ENSG00000124835
ENSG00000240990,HOXA11-AS
ENSG00000242360,RN7SL272P
ENSG00000145283,SLC10A6
ENSG00000258788,CKS1BP1
ENSG00000183114,FAM43B
ENSG00000258415,LONRF2P4
ENSG00000233995,ENSG00000233995
ENSG00000255909,PDCD5P1
ENSG00000230960,ENSG00000230960
ENSG00000220557,HMGB1P13
ENSG00000225417,ENSG00000225417
ENSG00000136698,CFC1
ENSG00000238176,ENSG00000238176
ENSG00000215110,UGT2B25P
ENSG00000186393,KRT26
ENSG00000258854,ENSG00000258854
ENSG00000286826,ENSG00000286826
ENSG00000234892,ENSG00000234892
ENSG00000171987,C11orf40
ENSG00000201654,RNU6-7
ENSG00000260087,PCMTD1P2
ENSG00000253504,MTCYBP19
ENSG00000254303,ENSG00000254303
ENSG00000280302,ENSG00000280302
ENSG00000219302,ENSG00000219302
ENSG00000275789,MIR8064
ENSG00000284723,OR8S1
ENSG00000280703,ENSG00000280703
ENSG00000178279,TNP2
ENSG00000147262,GPR119
ENSG00000276535,ENSG00000276535
ENSG00000281248,LINC02536
ENSG00000214940,NPIPA8
ENSG00000260062,GOLGA2P11
ENSG00000207243,Y_RNA
ENSG00000285970,ENSG00000285970
ENSG00000234144,COX6CP13
ENSG00000205100,HSP90AA4P
ENSG00000206959,Y_RNA
ENSG00000235028,HMGN1P30
ENSG00000253208,PSME2P5
ENSG00000239519,CADM2-AS1
ENSG00000290734,ENSG00000290734
ENSG00000237442,HNRNPA1P57
ENSG00000227406,RNF6P1
ENSG00000289369,ENSG00000289369
ENSG00000170927,PKHD1
ENSG00000253177,ENSG00000253177
ENSG00000273933,ENSG00000273933
ENSG00000253265,IGKV2-14
ENSG00000169783,LINGO1
ENSG00000181541,MAB21L2
ENSG00000231390,SNX18P8
ENSG00000288079,ENSG00000288079
ENSG00000243230,ENSG00000243230
ENSG00000226650,KIF4B
ENSG00000238723,Y_RNA
ENSG00000286123,ENSG00000286123
ENSG00000221634,MIR1276
ENSG00000265789,MIR4330
ENSG00000279302,ENSG00000279302
ENSG00000281641,SAMD12-AS1
ENSG00000257611,ENSG00000257611
ENSG00000199977,SNORA73
ENSG00000201218,Y_RNA
ENSG00000253858,ENSG00000253858
ENSG00000175311,ANKS4B
ENSG00000226096,ENSG00000226096
ENSG00000256951,ENSG00000256951
ENSG00000229211,KCTD9P6
ENSG00000226708,ENSG00000226708
ENSG00000218890,NUFIP1P1
ENSG00000267484,ENSG00000267484
ENSG00000261191,ENSG00000261191
ENSG00000227684,CROCCP4
ENSG00000285564,ENSG00000285564
ENSG00000230948,AURKBP1
ENSG00000179407,DNAJB8
ENSG00000270395,MREGP1
ENSG00000287773,ENSG00000287773
ENSG00000293288,ENSG00000293288
ENSG00000234413,MPV17L2P1
ENSG00000254053,IGHVIII-5-2
ENSG00000274611,TBC1D3
ENSG00000227834,ENSG00000227834
ENSG00000278586,ENSG00000278586
ENSG00000258866,ENSG00000258866
ENSG00000164532,TBX20
ENSG00000226048,YBX1P8
ENSG00000206927,Y_RNA
ENSG00000212228,ENSG00000212228
ENSG00000219409,ENSG00000219409
ENSG00000184809,B3GALT5-AS1
ENSG00000267650,ENSG00000267650
ENSG00000235988,ENSG00000235988
ENSG00000273259,ENSG00000273259
ENSG00000177770,CDKN2AIPNLP1
ENSG00000233402,TARDBPP1
ENSG00000233153,UBE2E2-DT
ENSG00000125414,MYH2
ENSG00000251151,HOXC-AS3
ENSG00000187003,ACTL7A
ENSG00000213238,ENSG00000213238
ENSG00000149596,JPH2
ENSG00000254580,LINC02719
ENSG00000266599,ENSG00000266599
ENSG00000236816,ANKRD20A7P
ENSG00000227850,SEPTIN2P1
ENSG00000270868,ENSG00000270868
ENSG00000269621,ENSG00000269621
ENSG00000248967,ENSG00000248967
ENSG00000256081,ENSG00000256081
ENSG00000214980,ENSG00000214980
ENSG00000275691,MT1IP
ENSG00000230451,RPS29P6
ENSG00000125999,BPIFB1
ENSG00000274840,BALR6
ENSG00000211921,IGHD5-12
ENSG00000223977,ENSG00000223977
ENSG00000253286,ENSG00000253286
ENSG00000177511,ST8SIA3
ENSG00000204603,LINC01257
ENSG00000196171,OR6K2
ENSG00000253126,IGLVI-56
ENSG00000275651,MIR6851
ENSG00000279001,ENSG00000279001
ENSG00000288037,ENSG00000288037
ENSG00000177803,YWHAQP4
ENSG00000251298,TMEM184C-DT
ENSG00000274666,ENSG00000274666
ENSG00000257987,SPMIP11
ENSG00000259670,ENSG00000259670
ENSG00000265094,ENSG00000265094
ENSG00000188782,CATSPER4
ENSG00000170162,VGLL2
ENSG00000247675,LRP4-AS1
ENSG00000254702,ENSG00000254702
ENSG00000263849,MIR4744
ENSG00000264655,PPIAP54
ENSG00000163530,DPPA2
ENSG00000279979,ENSG00000279979
ENSG00000201279,Y_RNA
ENSG00000254839,ENSG00000254839
ENSG00000273706,LHX1
ENSG00000249910,TRIM51CP
ENSG00000202217,RN7SKP47
ENSG00000277575,ENSG00000277575
ENSG00000176378,PFN1P10
ENSG00000267462,ENSG00000267462
ENSG00000212260,RNU6-724P
ENSG00000207449,RNU6-19P
ENSG00000259025,ENSG00000259025
ENSG00000270212,ENSG00000270212
ENSG00000226757,PP12613
ENSG00000241136,PAICSP6
ENSG00000133519,ZDHHC8BP
ENSG00000238031,ENSG00000238031
ENSG00000173431,RNASE8
ENSG00000270598,ENSG00000270598
ENSG00000131059,BPIFA3
ENSG00000243822,RPS25P5
ENSG00000259269,ENSG00000259269
ENSG00000171501,OR1N2
ENSG00000275770,MIR6505
ENSG00000246820,RIC3-DT
ENSG00000254442,ENSG00000254442
ENSG00000260867,ENSG00000260867
ENSG00000237300,MTCO1P19
ENSG00000232482,ENSG00000232482
ENSG00000254423,ENSG00000254423
ENSG00000226984,ENSG00000226984
ENSG00000253988,ENSG00000253988
ENSG00000185074,OR7E31P
ENSG00000253630,ENSG00000253630
ENSG00000207422,RNU6-813P
ENSG00000293512,ENSG00000293512
ENSG00000233548,CYCSP44
ENSG00000265485,LINC01915
ENSG00000108381,ASPA
ENSG00000242430,RN7SL274P
ENSG00000252917,SNORA74
ENSG00000135917,SLC19A3
ENSG00000232042,ENSG00000232042
ENSG00000222610,RNU6-402P
ENSG00000229332,PGBD4P8
ENSG00000253131,IGHV7-56
ENSG00000251410,ENSG00000251410
ENSG00000200966,RN7SKP87
ENSG00000235778,ENSG00000235778
ENSG00000232825,PLPPR5-AS1
ENSG00000226153,CHP1P3
ENSG00000206644,RNU6-1279P
ENSG00000207758,MIR532
ENSG00000249787,ENSG00000249787
ENSG00000250591,PRSS3P1
ENSG00000231184,CCNQP3
ENSG00000204913,LRRC3C
ENSG00000257121,ENSG00000257121
ENSG00000264060,MIR4316
ENSG00000234277,LINC01641
ENSG00000199630,Y_RNA
ENSG00000231034,ENSG00000231034
ENSG00000266228,MIR3611
ENSG00000254532,ARL14EP-DT
ENSG00000201683,Y_RNA
ENSG00000288775,ENSG00000288775
ENSG00000237049,RPL34P1
ENSG00000229509,ENSG00000229509
ENSG00000251447,ENSG00000251447
ENSG00000214695,NPAP1P2
ENSG00000271330,ENSG00000271330
ENSG00000206746,RNU6-142P
ENSG00000254468,ENSG00000254468
ENSG00000253813,COX6B1P4
ENSG00000225206,MIR137HG
ENSG00000285882,ENSG00000285882
ENSG00000265442,MIR3941
ENSG00000260420,LINC02182
ENSG00000259167,NMNAT1P1
ENSG00000201821,RNU4-9P
ENSG00000250472,TRIM36-IT1
ENSG00000181785,OR5AS1
ENSG00000171551,ECEL1
ENSG00000227186,ENSG00000227186
ENSG00000225519,ENSG00000225519
ENSG00000233517,ENSG00000233517
ENSG00000202318,Y_RNA
ENSG00000227832,ST13P21
ENSG00000241815,RBBP4P7
ENSG00000258978,HIF1AP1
ENSG00000240454,RPL39P26
ENSG00000255395,ENSG00000255395
ENSG00000235500,SNX19P2
ENSG00000248840,ENSG00000248840
ENSG00000228825,LAMTOR3P1
ENSG00000253671,MTUS1-DT
ENSG00000252334,RNU6-1337P
ENSG00000206805,Y_RNA
ENSG00000249994,ENSG00000249994
ENSG00000135569,TAAR5
ENSG00000285538,ENSG00000285538
ENSG00000239602,RPL35AP16
ENSG00000229957,ENSG00000229957
ENSG00000277876,ENSG00000277876
ENSG00000227408,AMYP1
ENSG00000207698,MIR32
ENSG00000269350,ENSG00000269350
ENSG00000203809,LIN28B-AS1
ENSG00000202172,RNU6-1327P
ENSG00000287724,ENSG00000287724
ENSG00000008118,CAMK1G
ENSG00000229918,DOCK9-AS1
ENSG00000206034,DEFB109B
ENSG00000263629,MIR5586
ENSG00000200874,Y_RNA
ENSG00000286124,ENSG00000286124
ENSG00000224121,ATG12P2
ENSG00000201469,RNA5SP379
ENSG00000242889,RN7SL449P
ENSG00000276645,Metazoa_SRP
ENSG00000267552,ENSG00000267552
ENSG00000283392,ENSG00000283392
ENSG00000234544,PTGES3P5
ENSG00000289921,ENSG00000289921
ENSG00000099812,MISP
ENSG00000201945,SNORA70
ENSG00000152669,CCNO
ENSG00000284652,ENSG00000284652
ENSG00000289896,ENSG00000289896
ENSG00000293009,ENSG00000293009
ENSG00000237631,PARK7P2
ENSG00000259784,ENSG00000259784
ENSG00000271370,ENSG00000271370
ENSG00000235310,GXYLT1P6
ENSG00000231234,SKP1P1
ENSG00000127129,EDN2
ENSG00000279482,ENSG00000279482
ENSG00000260137,ENSG00000260137
ENSG00000249486,ENSG00000249486
ENSG00000200293,RNA5SP393
ENSG00000230355,ENSG00000230355
ENSG00000239690,RN7SL668P
ENSG00000237475,RPL7P53
ENSG00000212303,RNU6-1154P
ENSG00000207206,RNU6-1035P
ENSG00000170775,GPR37
ENSG00000277831,ENSG00000277831
ENSG00000215771,LRRC37A14P
ENSG00000288754,ENSG00000288754
ENSG00000283380,ENSG00000283380
ENSG00000216639,RPL7AP35
ENSG00000242512,LINC01206
ENSG00000224164,LINC02828
ENSG00000237963,PRXL2CP1
ENSG00000226545,ENSG00000226545
ENSG00000201898,SNORA72
ENSG00000291288,ENSG00000291288
ENSG00000154678,PDE1C
ENSG00000207287,RNU6-1274P
ENSG00000279047,PCDHB1-AS1
ENSG00000251271,ALG1L7P
ENSG00000233303,XXYLT1-AS1
ENSG00000258699,ENSG00000258699
ENSG00000257022,ENSG00000257022
ENSG00000224539,SAGE4P
ENSG00000227480,CCDC148-AS1
ENSG00000219186,FTH1P19
ENSG00000240787,NECTIN2P1
ENSG00000289033,ENSG00000289033
ENSG00000227680,ENSG00000227680
ENSG00000272855,ENSG00000272855
ENSG00000186118,TEX38
ENSG00000226842,ENSG00000226842
ENSG00000235088,ENSG00000235088
ENSG00000249484,LINC01470
ENSG00000203811,H3C14
ENSG00000202182,Y_RNA
ENSG00000293591,ENSG00000293591
ENSG00000159217,IGF2BP1
ENSG00000136696,IL36B
ENSG00000230833,RPEP3
ENSG00000255051,BCAS2P1
ENSG00000243546,RN7SL108P
ENSG00000214578,HMGN2P15
ENSG00000187979,FAM230D
ENSG00000220418,TUBB3P1
ENSG00000287992,ENSG00000287992
ENSG00000222579,Y_RNA
ENSG00000288080,ENSG00000288080
ENSG00000224763,FDPSP8
ENSG00000275975,Metazoa_SRP
ENSG00000287205,ENSG00000287205
ENSG00000266513,ENSG00000266513
ENSG00000181837,OR5D17P
ENSG00000229217,CYCSP11
ENSG00000224311,WDTC1-DT
ENSG00000253461,IGKV1-35
ENSG00000254370,ENSG00000254370
ENSG00000287833,ENSG00000287833
ENSG00000287528,ENSG00000287528
ENSG00000226835,ARHGAP29-AS1
ENSG00000208023,MIR185
ENSG00000227437,RPS8P4
ENSG00000279705,ENSG00000279705
ENSG00000233589,ENSG00000233589
ENSG00000252398,Y_RNA
ENSG00000286130,ENSG00000286130
ENSG00000235718,MFRP
ENSG00000213786,NHP2P2
ENSG00000237480,ENSG00000237480
ENSG00000182132,KCNIP1
ENSG00000258245,RPL10P13
ENSG00000278546,ENSG00000278546
ENSG00000287065,ENSG00000287065
ENSG00000237953,RPS13P5
ENSG00000226400,ENSG00000226400
ENSG00000264881,ENSG00000264881
ENSG00000274847,MAFIP
ENSG00000252136,ENSG00000252136
ENSG00000280890,ELDR
ENSG00000179046,TRIML2
ENSG00000203643,ENSG00000203643
ENSG00000259443,ENSG00000259443
ENSG00000267699,ENSG00000267699
ENSG00000221039,MIR1286
ENSG00000159261,CLDN14
ENSG00000269509,BNIP3P34
ENSG00000285866,LINC02852
ENSG00000244623,OR2AE1
ENSG00000275710,ENSG00000275710
ENSG00000223727,ENSG00000223727
ENSG00000256799,ENSG00000256799
ENSG00000261394,ENSG00000261394
ENSG00000186766,FOXI2
ENSG00000154143,PANX3
ENSG00000011347,SYT7
ENSG00000293217,LINC00367
ENSG00000200917,RNU6-553P
ENSG00000279365,ENSG00000279365
ENSG00000288736,ENSG00000288736
ENSG00000227994,ENSG00000227994
ENSG00000258600,ENSG00000258600
ENSG00000268747,ENSG00000268747
ENSG00000166569,CPLX4
ENSG00000171102,OBP2B
ENSG00000179055,OR13D1
ENSG00000267490,ENSG00000267490
ENSG00000239316,RN7SL11P
ENSG00000220884,MESTP1
ENSG00000264701,ENSG00000264701
ENSG00000110680,CALCA
ENSG00000230447,CTF2P
ENSG00000267779,LINC01533
ENSG00000234055,ENSG00000234055
ENSG00000197487,GALP
ENSG00000286172,RNVU1-8
ENSG00000272545,ENSG00000272545
ENSG00000280152,ENSG00000280152
ENSG00000231532,LINC01249
ENSG00000197745,SCGB1D4
ENSG00000208892,SNORA49
ENSG00000185888,PRSS38
ENSG00000232734,ATP5MC1P7
ENSG00000255492,H3P33
ENSG00000249438,KRT18P45
ENSG00000236366,ENSG00000236366
ENSG00000266988,ENSG00000266988
ENSG00000254124,EEF1A1P37
ENSG00000287276,CNTNAP3P7
ENSG00000276176,MIR6090
ENSG00000286669,ENSG00000286669
ENSG00000225455,TPI1P4
ENSG00000287045,ENSG00000287045
ENSG00000232650,LINC01780
ENSG00000272536,RN7SL840P
ENSG00000164076,CAMKV
ENSG00000226703,NPM1P4
ENSG00000267378,ENSG00000267378
ENSG00000250697,ENSG00000250697
ENSG00000214671,RPL6P12
ENSG00000251981,RNU7-52P
ENSG00000122180,MYOG
ENSG00000239128,SNORD13P3
ENSG00000206898,ENSG00000206898
ENSG00000259239,ENSG00000259239
ENSG00000244089,HMGB1P30
ENSG00000214604,NPM1P36
ENSG00000206846,Y_RNA
ENSG00000239093,ENSG00000239093
ENSG00000226193,ENSG00000226193
ENSG00000199609,RNA5SP124
ENSG00000152034,MCHR2
ENSG00000238295,ENSG00000238295
ENSG00000261418,HERC2P6
ENSG00000266318,MIR5692A1
ENSG00000254923,ENSG00000254923
ENSG00000276493,Metazoa_SRP
ENSG00000113430,IRX4
ENSG00000264491,ENSG00000264491
ENSG00000183310,OR2T34
ENSG00000188086,PRSS45P
ENSG00000213431,ABRAXAS1P1
ENSG00000241048,ENSG00000241048
ENSG00000218305,CDC14C
ENSG00000199260,RNU6-874P
ENSG00000286732,ENSG00000286732
ENSG00000287726,ENSG00000287726
ENSG00000179695,OR6C2
ENSG00000266743,ENSG00000266743
ENSG00000275350,ENSG00000275350
ENSG00000235968,FBXL12P1
ENSG00000177489,OR2G2
ENSG00000255065,ENSG00000255065
ENSG00000142748,FCN3
ENSG00000228286,ENSG00000228286
ENSG00000256813,CCDC86-AS1
ENSG00000290998,ENSG00000290998
ENSG00000228873,ENSG00000228873
ENSG00000178654,PPIAP33
ENSG00000230584,CCT5P2
ENSG00000236459,HNRNPA1P22
ENSG00000172969,FRG2C
ENSG00000284240,LINC02801
ENSG00000207585,MIR181D
ENSG00000287841,ENSG00000287841
ENSG00000281708,ERC2-IT1
ENSG00000223807,BOLA3P4
ENSG00000284607,ENSG00000284607
ENSG00000104237,RP1
ENSG00000200247,RNU6-254P
ENSG00000220541,PPIHP2
ENSG00000227531,ENSG00000227531
ENSG00000255276,RRM1-AS1
ENSG00000266203,MIR5585
ENSG00000247213,LINC01498
ENSG00000258159,IMMP1LP2
ENSG00000275967,MIR6880
ENSG00000228151,ENSG00000228151
ENSG00000253587,IGHV3-30-2
ENSG00000214188,ST7-OT4
ENSG00000201098,RNY1
ENSG00000202044,RNA5SP223
ENSG00000162763,LRRC52
ENSG00000290968,ENSG00000290968
ENSG00000277527,LINC01796
ENSG00000233720,ENSG00000233720
ENSG00000205184,SLC10A5P1
ENSG00000007933,FMO3
ENSG00000248863,ENSG00000248863
ENSG00000251787,RNU7-47P
ENSG00000279887,ENSG00000279887
ENSG00000117154,IGSF21
ENSG00000255361,RPL7L1P17
ENSG00000286273,ENSG00000286273
ENSG00000231124,UBE2V1P11
ENSG00000200064,RNY4P9
ENSG00000215168,ATXN7L3P1
ENSG00000286249,ENSG00000286249
ENSG00000289014,ENSG00000289014
ENSG00000253271,ENSG00000253271
ENSG00000280340,ENSG00000280340
ENSG00000207009,Y_RNA
ENSG00000279829,ENSG00000279829
ENSG00000265019,NCOR1P2
ENSG00000222588,ENSG00000222588
ENSG00000138271,GPR87
ENSG00000237363,ENSG00000237363
ENSG00000199168,MIR374A
ENSG00000146383,TAAR6
ENSG00000230495,ENSG00000230495
ENSG00000235224,ENSG00000235224
ENSG00000251571,DDX3P3
ENSG00000279490,ENSG00000279490
ENSG00000199202,RNA5SP289
ENSG00000199472,Y_RNA
ENSG00000260734,TLE7
ENSG00000253780,IGHVIII-2-1
ENSG00000238797,Y_RNA
ENSG00000213285,RPL23AP45
ENSG00000237833,ETS2P1
ENSG00000168907,PLA2G4F
ENSG00000224354,MTND2P5
ENSG00000277865,GOLGA6L22
ENSG00000290042,ENSG00000290042
ENSG00000286412,ENSG00000286412
ENSG00000250592,ENSG00000250592
ENSG00000239710,RN7SL692P
ENSG00000237911,SRP68P3
ENSG00000224675,GALNT13-AS1
ENSG00000267146,ENSG00000267146
ENSG00000266072,MIR5693
ENSG00000258691,ENSG00000258691
ENSG00000287111,ENSG00000287111
ENSG00000253627,ENSG00000253627
ENSG00000211843,TRAJ46
ENSG00000261209,SULT1C2P2
ENSG00000265316,ENSG00000265316
ENSG00000227397,ENSG00000227397
ENSG00000242781,LINC02050
ENSG00000200560,RNU6-288P
ENSG00000257403,ENSG00000257403
ENSG00000236497,LINC01744
ENSG00000254364,ENSG00000254364
ENSG00000201758,RN7SKP55
ENSG00000289581,ENSG00000289581
ENSG00000127928,GNGT1
ENSG00000142182,DNMT3L
ENSG00000156218,ADAMTSL3
ENSG00000233642,GPR158-AS1
ENSG00000224927,NDUFA5P10
ENSG00000213355,CNN2P8
ENSG00000170477,KRT4
ENSG00000255060,ENSG00000255060
ENSG00000055813,CCDC85A
ENSG00000269151,ENSG00000269151
ENSG00000185186,LINC00313
ENSG00000200887,RNU6-598P
ENSG00000241717,VWFP1
ENSG00000233138,ENSG00000233138
ENSG00000172186,HMGN1P35
ENSG00000240513,ENSG00000240513
ENSG00000234763,ENSG00000234763
ENSG00000231550,PTCHD3P2
ENSG00000241947,HNRNPA1P24
ENSG00000270136,MICOS10-NBL1
ENSG00000260617,ENSG00000260617
ENSG00000284622,SCYGR10
ENSG00000234907,ENSG00000234907
ENSG00000257564,ENSG00000257564
ENSG00000253027,SNORA70
ENSG00000263895,ENSG00000263895
ENSG00000278374,U4
ENSG00000286950,ENSG00000286950
ENSG00000237339,LINC01502
ENSG00000252233,RN7SKP253
ENSG00000234946,SDHCP3
ENSG00000256480,ENSG00000256480
ENSG00000188691,OR56A5
ENSG00000211641,IGLV11-55
ENSG00000250532,ENSG00000250532
ENSG00000252116,RNU4ATAC4P
ENSG00000107159,CA9
ENSG00000268266,PKMYT1AR
ENSG00000227535,ENSG00000227535
ENSG00000275340,FGD5P1
ENSG00000260991,ENSG00000260991
ENSG00000163395,IGFN1
ENSG00000277705,ENSG00000277705
ENSG00000207170,RNU6-1215P
ENSG00000279607,ENSG00000279607
ENSG00000233760,LINC03095
ENSG00000231911,TPRKBP1
ENSG00000174145,NWD2
ENSG00000290815,ENSG00000290815
ENSG00000153930,ANKFN1
ENSG00000265172,MIR4262
ENSG00000180042,OR1R1P
ENSG00000271544,ENSG00000271544
ENSG00000184608,FAM167A-AS1
ENSG00000208025,MIR591
ENSG00000239079,ENSG00000239079
ENSG00000266901,ENSG00000266901
ENSG00000249332,LINC02149
ENSG00000249599,BMPR1B-DT
ENSG00000251550,ENSG00000251550
ENSG00000201210,RNA5SP139
ENSG00000212128,TAS2R13
ENSG00000248431,ENSG00000248431
ENSG00000256737,RBBP4P5
ENSG00000238143,TRPC6P4
ENSG00000200840,RNU6-82P
ENSG00000206705,Y_RNA
ENSG00000234775,ENSG00000234775
ENSG00000243468,INGX
ENSG00000238259,PHF5AP5
ENSG00000260134,C1QL1P1
ENSG00000239614,HMGN1P7
ENSG00000275386,ENSG00000275386
ENSG00000182040,USH1G
ENSG00000204479,PRAMEF17
ENSG00000260031,RPL10P14
ENSG00000227071,FOCAD-AS1
ENSG00000277235,ENSG00000277235
ENSG00000233295,FAM90A20
ENSG00000207136,RNU6-769P
ENSG00000251292,ERVH-1
ENSG00000233494,ENSG00000233494
ENSG00000286195,ENSG00000286195
ENSG00000253799,LINC01030
ENSG00000286175,FAM246B
ENSG00000205097,FRG2
ENSG00000168348,INSM2
ENSG00000236646,LAMTOR5P1
ENSG00000249101,ENSG00000249101
ENSG00000238285,MRPL50P2
ENSG00000206659,Y_RNA
ENSG00000222177,RNU4-30P
ENSG00000293082,ENSG00000293082
ENSG00000233428,PPIAP65
ENSG00000227581,STAU2P1
ENSG00000231744,ENSG00000231744
ENSG00000261195,ENSG00000261195
ENSG00000226292,RPS3AP10
ENSG00000253387,IGHVIII-5-1
ENSG00000202034,RNU6-399P
ENSG00000279770,LINC00552
ENSG00000254592,ENSG00000254592
ENSG00000257671,KRT7-AS
ENSG00000254038,ENSG00000254038
ENSG00000277743,ENSG00000277743
ENSG00000203387,SNF8P1
ENSG00000255192,NANOGP8
ENSG00000277213,SDR42E1P2
ENSG00000263684,ENSG00000263684
ENSG00000232867,RPL36AP34
ENSG00000117501,MROH9
ENSG00000188646,ENSG00000188646
ENSG00000217488,ENSG00000217488
ENSG00000280744,LINC01173
ENSG00000255250,ENSG00000255250
ENSG00000169676,DRD5
ENSG00000230502,ENSG00000230502
ENSG00000202402,Y_RNA
ENSG00000230535,BASP1P1
ENSG00000285883,ENSG00000285883
ENSG00000169876,MUC17
ENSG00000240527,ENSG00000240527
ENSG00000232998,VPS13A-AS1
ENSG00000259302,ENSG00000259302
ENSG00000261559,FSCN1P1
ENSG00000249283,ACTR3BP4
ENSG00000256923,ENSG00000256923
ENSG00000279779,ENSG00000279779
ENSG00000286865,ENSG00000286865
ENSG00000291301,ENSG00000291301
ENSG00000238765,RNA5SP57
ENSG00000231162,COX11P1
ENSG00000171360,KRT38
ENSG00000006788,MYH13
ENSG00000259336,ENSG00000259336
ENSG00000252316,RNY4
ENSG00000283415,ENSG00000283415
ENSG00000287319,ENSG00000287319
ENSG00000271653,ENSG00000271653
ENSG00000258051,ENSG00000258051
ENSG00000252892,RNU6-548P
ENSG00000214988,RPL7AP26
ENSG00000272381,LINC02664
ENSG00000268104,SLC6A14
ENSG00000204967,PCDHA4
ENSG00000253725,ENSG00000253725
ENSG00000290950,ENSG00000290950
ENSG00000197416,FABP12
ENSG00000232258,TMEM114
ENSG00000250613,ENSG00000250613
ENSG00000293047,WTAPP1
ENSG00000252655,Y_RNA
ENSG00000255210,ENSG00000255210
ENSG00000273115,ENSG00000273115
ENSG00000200756,RNU6-236P
ENSG00000265942,RN7SL577P
ENSG00000249851,RPS27AP18
ENSG00000263234,ENSG00000263234
ENSG00000279782,PPIAL4F
ENSG00000285978,ENSG00000285978
ENSG00000205695,ENSG00000205695
ENSG00000228948,SLC25A6P5
ENSG00000239744,RN7SL63P
ENSG00000286868,ENSG00000286868
ENSG00000206918,RNU6-1181P
ENSG00000227913,KRT8P44
ENSG00000257531,ENSG00000257531
ENSG00000269118,FAM90A28P
ENSG00000206995,Y_RNA
ENSG00000230221,ENSG00000230221
ENSG00000286583,ZBTB7C-AS1
ENSG00000154080,CHST9
ENSG00000163515,RETNLB
ENSG00000226367,ST7-AS2
ENSG00000101098,RIMS4
ENSG00000293068,ENSG00000293068
ENSG00000290013,ENSG00000290013
ENSG00000242441,GTF2A1L
ENSG00000273627,MIR4726
ENSG00000253413,ENSG00000253413
ENSG00000231902,ENSG00000231902
ENSG00000287270,ENSG00000287270
ENSG00000289528,ENSG00000289528
ENSG00000249737,ENSG00000249737
ENSG00000224541,ENSG00000224541
ENSG00000263979,MIR4672
ENSG00000286984,ENSG00000286984
ENSG00000232241,DYNLT3P1
ENSG00000224231,LINC01832
ENSG00000260644,HERC2P5
ENSG00000185739,SRL
ENSG00000249270,KATNBL1P4
ENSG00000252097,RNU6-346P
ENSG00000287831,ENSG00000287831
ENSG00000183273,CCDC60
ENSG00000204950,LRRC10B
ENSG00000253297,ENSG00000253297
ENSG00000267285,ENSG00000267285
ENSG00000234880,LINC00163
ENSG00000275090,RN7SL296P
ENSG00000225151,GOLGA2P7
ENSG00000262381,MTATP6P24
ENSG00000235794,MTND3P21
ENSG00000183709,IFNL2
ENSG00000255680,ENSG00000255680
ENSG00000259695,ENSG00000259695
ENSG00000273971,ENSG00000273971
ENSG00000271121,NUDT4P2
ENSG00000274772,Metazoa_SRP
ENSG00000277332,ENSG00000277332
ENSG00000225933,RPS14P5
ENSG00000081853,PCDHGA2
ENSG00000202279,Y_RNA
ENSG00000201298,RNU6-1164P
ENSG00000290095,ENSG00000290095
ENSG00000213063,RPL29P7
ENSG00000212396,RNA5SP323
ENSG00000233410,LINC01222
ENSG00000171180,OR2M4
ENSG00000257957,QRSL1P3
ENSG00000240627,ENSG00000240627
ENSG00000255356,ENSG00000255356
ENSG00000185823,NPAP1
ENSG00000211626,IGKV6D-41
ENSG00000229224,ENSG00000229224
ENSG00000242229,RPS3AP14
ENSG00000242986,RPL21P99
ENSG00000277870,FAM230A
ENSG00000252707,RNU11-2P
ENSG00000198090,KRTAP4-6
ENSG00000277531,PNMA8C
ENSG00000243083,LINC00870
ENSG00000233159,RPL31P16
ENSG00000258955,LINC00519
ENSG00000237787,LINC02877
ENSG00000278797,ENSG00000278797
ENSG00000244234,GMCL2
ENSG00000225827,SFTPA3P
ENSG00000204718,CNN2P12
ENSG00000251590,NIFKP7
ENSG00000170961,HAS2
ENSG00000287411,ENSG00000287411
ENSG00000261633,ENSG00000261633
ENSG00000259632,ENSG00000259632
ENSG00000259681,ENSG00000259681
ENSG00000224289,IFIT6P
ENSG00000228884,RPL23AP26
ENSG00000282121,ENSG00000282121
ENSG00000188338,SLC38A3
ENSG00000259546,ENSG00000259546
ENSG00000227330,ENSG00000227330
ENSG00000292345,ZBED1
ENSG00000234296,ENSG00000234296
ENSG00000227241,ENSG00000227241
ENSG00000140274,DUOXA2
ENSG00000225982,ENSG00000225982
ENSG00000206712,RNU6-26P
ENSG00000228953,ENSG00000228953
ENSG00000264207,ENSG00000264207
ENSG00000267656,ENSG00000267656
ENSG00000238987,RNU7-133P
ENSG00000101958,GLRA2
ENSG00000265946,ENSG00000265946
ENSG00000261704,IGHV1OR16-1
ENSG00000231845,HMGB3P14
ENSG00000275417,ENSG00000275417
ENSG00000207976,MIR607
ENSG00000104818,CGB2
ENSG00000162494,LRRC38
ENSG00000280018,ENSG00000280018
ENSG00000289349,ENSG00000289349
ENSG00000285016,ENSG00000285016
ENSG00000259429,UBE2Q2P2
ENSG00000199283,RNU1-58P
ENSG00000260723,ENSG00000260723
ENSG00000146374,RSPO3
ENSG00000289741,ENSG00000289741
ENSG00000243089,ENSG00000243089
ENSG00000220867,HSPE1P26
ENSG00000149633,KIAA1755
ENSG00000229231,FEM1AP1
ENSG00000184111,RPL11P4
ENSG00000168505,GBX2
ENSG00000233603,JTBP1
ENSG00000245768,ENSG00000245768
ENSG00000204065,TCEAL5
ENSG00000204021,LIPK
ENSG00000287587,ENSG00000287587
ENSG00000261217,BCAP31P1
ENSG00000224936,SUCLA2P1
ENSG00000257384,ENSG00000257384
ENSG00000230648,ENSG00000230648
ENSG00000106302,HYAL4
ENSG00000206963,RNU6-675P
ENSG00000249106,GPM6A-DT
ENSG00000105549,SPMAP2
ENSG00000225814,GRPEL2P2
ENSG00000176219,OR11H6
ENSG00000230320,BEND7P1
ENSG00000200897,ENSG00000200897
ENSG00000242814,ENSG00000242814
ENSG00000233479,ENSG00000233479
ENSG00000273293,ENSG00000273293
ENSG00000188716,DUSP29
ENSG00000272597,ENSG00000272597
ENSG00000096264,NCR2
ENSG00000292309,ENSG00000292309
ENSG00000110427,KIAA1549L
ENSG00000182836,PLCXD3
ENSG00000252297,RNU6-875P
ENSG00000228303,ENSG00000228303
ENSG00000234279,LINC01937
ENSG00000260146,ENSG00000260146
ENSG00000287182,ENSG00000287182
ENSG00000293300,ENSG00000293300
ENSG00000286163,ENSG00000286163
ENSG00000259026,ENSG00000259026
ENSG00000286339,ENSG00000286339
ENSG00000171873,ADRA1D
ENSG00000264911,ENSG00000264911
ENSG00000236365,EIF3MP1
ENSG00000065371,ROPN1
ENSG00000239827,SUGT1P3
ENSG00000218803,GSTM2P1
ENSG00000207086,Y_RNA
ENSG00000186675,MAGEE2
ENSG00000252096,ENSG00000252096
ENSG00000235947,EGOT
ENSG00000280288,ENSG00000280288
ENSG00000225689,ENSG00000225689
ENSG00000240021,TEX35
ENSG00000229423,RPL27AP8
ENSG00000237221,PPEF1-AS1
ENSG00000213115,ENSG00000213115
ENSG00000109576,AADAT
ENSG00000223217,RNU6-938P
ENSG00000231749,ABCA9-AS1
ENSG00000225581,TRIM53AP
ENSG00000289166,ENSG00000289166
ENSG00000243766,HOTTIP
ENSG00000228935,ENSG00000228935
ENSG00000203909,DPPA5
ENSG00000226759,DAB1-AS1
ENSG00000290323,TTTY16
ENSG00000292385,ENSG00000292385
ENSG00000223467,CALM1P1
ENSG00000242101,RN7SL416P
ENSG00000225462,FDPSP1
ENSG00000241524,RN7SL632P
ENSG00000198445,CCT8L2
ENSG00000167346,MMP26
ENSG00000233420,ENSG00000233420
ENSG00000176204,LRRTM4
ENSG00000261835,ENSG00000261835
ENSG00000237179,LINC01797
ENSG00000239002,SCARNA10
ENSG00000233533,MKNK2P1
ENSG00000197757,HOXC6
ENSG00000279628,ENSG00000279628
ENSG00000293153,ENSG00000293153
ENSG00000285969,ENSG00000285969
ENSG00000280711,JADRR
ENSG00000237745,RPL22P8
ENSG00000220091,LAP3P1
ENSG00000277073,MIR6131
ENSG00000236523,NPM1P40
ENSG00000259498,TPM1-AS
ENSG00000219159,ENSG00000219159
ENSG00000106541,AGR2
ENSG00000264371,MIR4425
ENSG00000270249,ENSG00000270249
ENSG00000261395,HSPE1P5
ENSG00000225366,CRIPTO3
ENSG00000234421,SLC25A5P4
ENSG00000212266,ENSG00000212266
ENSG00000258285,TESC-AS1
ENSG00000222208,RNA5SP129
ENSG00000202146,Y_RNA
ENSG00000166450,PRTG
ENSG00000260340,LINC02176
ENSG00000288077,ENSG00000288077
ENSG00000205669,ACOT6
ENSG00000250025,ENSG00000250025
ENSG00000292433,ENSG00000292433
ENSG00000153303,FRMD1
ENSG00000223145,RN7SKP112
ENSG00000277096,ENSG00000277096
ENSG00000267056,ENSG00000267056
ENSG00000252377,RNU6-504P
ENSG00000290088,ENSG00000290088
ENSG00000258408,NT5CP2
ENSG00000225383,SFTA1P
ENSG00000234726,ENSG00000234726
ENSG00000270038,ENSG00000270038
ENSG00000152670,DDX4
ENSG00000254118,MTCYBP20
ENSG00000124092,CTCFL
ENSG00000213559,HNRNPA1P64
ENSG00000267372,ENSG00000267372
ENSG00000112981,NME5
ENSG00000289148,ENSG00000289148
ENSG00000284985,ENSG00000284985
ENSG00000177673,TEX44
ENSG00000137976,DNASE2B
ENSG00000242540,ENSG00000242540
ENSG00000218261,RPA3P2
ENSG00000270474,IGHV3-29
ENSG00000200051,ENSG00000200051
ENSG00000232778,RPL23AP50
ENSG00000174898,CATSPERD
ENSG00000270698,ENSG00000270698
ENSG00000250594,RNF14P2
ENSG00000231392,ENSG00000231392
ENSG00000230978,LINC00160
ENSG00000258673,LINC01397
ENSG00000240963,ENSG00000240963
ENSG00000237701,ATP5PFP1
ENSG00000279442,ENSG00000279442
ENSG00000266185,RN7SL804P
ENSG00000115648,MLPH
ENSG00000224277,ENSG00000224277
ENSG00000258735,PPP1R13B-DT
ENSG00000259990,ENSG00000259990
ENSG00000207365,Y_RNA
ENSG00000254915,ENSG00000254915
ENSG00000268129,ENSG00000268129
ENSG00000250403,RPL7L1P14
ENSG00000253868,FER1L6-AS2
ENSG00000142623,PADI1
ENSG00000141316,SPACA3
ENSG00000266240,MIR5091
ENSG00000244378,RPS2P45
ENSG00000224810,ENSG00000224810
ENSG00000221763,MIR1289-1
ENSG00000240047,RPS3AP32
ENSG00000283000,LINC02635
ENSG00000236004,ENSG00000236004
ENSG00000258906,ENSG00000258906
ENSG00000165215,CLDN3
ENSG00000229960,ENSG00000229960
ENSG00000240423,LINC00636
ENSG00000276434,ENSG00000276434
ENSG00000257523,LINC02326
ENSG00000237746,ZNF101P1
ENSG00000122756,CNTFR
ENSG00000260395,ENSG00000260395
ENSG00000285751,ENSG00000285751
ENSG00000213328,ENSG00000213328
ENSG00000274452,U2
ENSG00000186191,BPIFB4
ENSG00000235131,TP73-AS2
ENSG00000208006,MIR16-1
ENSG00000258870,EIF4EBP1P1
ENSG00000290898,AGAP12P
ENSG00000235038,ENSG00000235038
ENSG00000243383,RN7SL89P
ENSG00000218363,SLC25A20P1
ENSG00000270934,ENSG00000270934
ENSG00000226186,ELOCP21
ENSG00000227583,RPS3AP37
ENSG00000176435,CLEC14A
ENSG00000273269,ENSG00000273269
ENSG00000286660,ENSG00000286660
ENSG00000287503,ENSG00000287503
ENSG00000287219,ENSG00000287219
ENSG00000235695,HIGD2AP2
ENSG00000235635,ENSG00000235635
ENSG00000199858,RNU6-1120P
ENSG00000201221,RNU4-40P
ENSG00000265820,MIR3177
ENSG00000279044,ENSG00000279044
ENSG00000231150,DNAH8-AS1
ENSG00000174226,SNX31
ENSG00000219500,ENSG00000219500
ENSG00000196620,UGT2B15
ENSG00000251451,GTF2IP9
ENSG00000257979,SNRPGP18
ENSG00000242251,RN7SL20P
ENSG00000283580,ENSG00000283580
ENSG00000185904,LINC00839
ENSG00000158022,TRIM63
ENSG00000285782,ENSG00000285782
ENSG00000293466,MGAT4EP
ENSG00000279534,ENSG00000279534
ENSG00000226040,ENSG00000226040
ENSG00000268650,ENSG00000268650
ENSG00000275475,IGHV3-54
ENSG00000239684,PTGER4P3
ENSG00000287582,ENSG00000287582
ENSG00000287897,ENSG00000287897
ENSG00000207090,RNU6-517P
ENSG00000213067,ENSG00000213067
ENSG00000274886,SEPTIN14P17
ENSG00000184459,BPIFC
ENSG00000172689,MS4A10
ENSG00000163914,RHO
ENSG00000165966,PDZRN4
ENSG00000252008,RNU6-927P
ENSG00000201003,ENSG00000201003
ENSG00000238447,RNU7-134P
ENSG00000272108,ENSG00000272108
ENSG00000251676,SNHG27
ENSG00000217805,ENSG00000217805
ENSG00000222698,Y_RNA
ENSG00000258010,ENSG00000258010
ENSG00000185274,GALNT17
ENSG00000287550,ENSG00000287550
ENSG00000261057,LINC00555
ENSG00000274486,ENSG00000274486
ENSG00000232747,IGKV1D-35
ENSG00000183304,FAM9A
ENSG00000284837,ENSG00000284837
ENSG00000253109,RPL12P22
ENSG00000235824,LINC00837
ENSG00000267557,ENSG00000267557
ENSG00000234215,CT66
ENSG00000230077,MTAPP2
ENSG00000257976,ENSG00000257976
ENSG00000289811,FAM95A
ENSG00000243777,ENSG00000243777
ENSG00000290546,ENSG00000290546
ENSG00000137573,SULF1
ENSG00000293472,ENSG00000293472
ENSG00000146233,CYP39A1
ENSG00000276693,ENSG00000276693
ENSG00000234698,ENSG00000234698
ENSG00000230122,ECEL1P3
ENSG00000253070,RNU6-794P
ENSG00000253697,ENSG00000253697
ENSG00000215873,FEN1P1
ENSG00000235494,ENSG00000235494
ENSG00000128510,CPA4
ENSG00000230682,GRPEL2P3
ENSG00000285686,LINC02834
ENSG00000261458,ENSG00000261458
ENSG00000286883,ENSG00000286883
ENSG00000239200,RPL22P20
ENSG00000249697,ENSG00000249697
ENSG00000187969,ZCCHC13
ENSG00000139656,SMIM2
ENSG00000177201,OR2T12
ENSG00000224357,ATG3P1
ENSG00000236115,ENSG00000236115
ENSG00000206880,RNU6-1310P
ENSG00000287258,ENSG00000287258
ENSG00000187951,ENSG00000187951
ENSG00000223092,RNA5SP115
ENSG00000197665,ENSG00000197665
ENSG00000284932,ENSG00000284932
ENSG00000232101,ENSG00000232101
ENSG00000219790,OSTCP6
ENSG00000278218,ENSG00000278218
ENSG00000263081,ENSG00000263081
ENSG00000255081,ENSG00000255081
ENSG00000270748,IGKV2OR2-1
ENSG00000259196,HMBOX1-IT1
ENSG00000211997,MIR708
ENSG00000248572,EGFLAM-AS2
ENSG00000260922,ENSG00000260922
ENSG00000229565,LINC02264
ENSG00000252985,SNORD116
ENSG00000253541,SEPTIN10P1
ENSG00000285920,ENSG00000285920
ENSG00000254677,OSBPL9P2
ENSG00000286510,ENSG00000286510
ENSG00000265995,ENSG00000265995
ENSG00000145835,CDKN2AIPNLP2
ENSG00000243287,RPS17P14
ENSG00000239988,RPL31P60
ENSG00000270159,ENSG00000270159
ENSG00000259774,ENSG00000259774
ENSG00000288072,ENSG00000288072
ENSG00000259676,ENSG00000259676
ENSG00000249721,ENSG00000249721
ENSG00000228322,GLIS3-AS2
ENSG00000171388,APLN
ENSG00000241884,ENSG00000241884
ENSG00000231689,LINC01090
ENSG00000161992,PRR35
ENSG00000289689,ENSG00000289689
ENSG00000233200,LINC02634
ENSG00000286041,ENSG00000286041
ENSG00000226715,LINC01709
ENSG00000236491,ENSG00000236491
ENSG00000251598,ENSG00000251598
ENSG00000176243,CDV3P1
ENSG00000256975,ENSG00000256975
ENSG00000249267,LINC00939
ENSG00000266850,ENSG00000266850
ENSG00000286358,ENSG00000286358
ENSG00000238754,SCARNA18B
ENSG00000255581,ENSG00000255581
ENSG00000233529,HCG21
ENSG00000228553,ENSG00000228553
ENSG00000274954,ENSG00000274954
ENSG00000250733,C8orf17
ENSG00000182601,HS3ST4
ENSG00000204471,TBC1D3P4
ENSG00000200254,RNU6-536P
ENSG00000226789,WBP11P2
ENSG00000230384,RPSAP25
ENSG00000252756,RNU6-577P
ENSG00000268660,LETM1P2
ENSG00000215304,ENSG00000215304
ENSG00000254103,PPIAP85
ENSG00000238709,RNU7-56P
ENSG00000219532,SELENOKP2
ENSG00000178662,CSRNP3
ENSG00000278543,ENSG00000278543
ENSG00000241162,RN7SL617P
ENSG00000214518,KRTAP2-2
ENSG00000259415,ENSG00000259415
ENSG00000230595,RSL24D1P2
ENSG00000235592,ENSG00000235592
ENSG00000254530,LINC02755
ENSG00000279134,ENSG00000279134
ENSG00000261293,ENSG00000261293
ENSG00000284783,ENSG00000284783
ENSG00000291148,AZGP1P1
ENSG00000253435,IGKV2-4
ENSG00000258599,ENSG00000258599
ENSG00000202100,Y_RNA
ENSG00000228521,ENSG00000228521
ENSG00000249266,MTHFD2P6
ENSG00000251303,CAB39P1
ENSG00000207292,Y_RNA
ENSG00000285940,ENSG00000285940
ENSG00000263666,SNORA70D
ENSG00000232375,ENSG00000232375
ENSG00000277413,ENSG00000277413
ENSG00000232136,DUXAP7
ENSG00000258425,ENSG00000258425
ENSG00000181518,OR8D4
ENSG00000257900,ENSG00000257900
ENSG00000165197,VEGFD
ENSG00000245067,IGFBP7-AS1
ENSG00000217330,SSXP10
ENSG00000268896,ENSG00000268896
ENSG00000227948,ENSG00000227948
ENSG00000286564,ENSG00000286564
ENSG00000248521,ENSG00000248521
ENSG00000264015,ENSG00000264015
ENSG00000235281,ENSG00000235281
ENSG00000036473,OTC
ENSG00000248930,CHP1P1
ENSG00000276851,ENSG00000276851
ENSG00000259543,ENSG00000259543
ENSG00000270387,ENSG00000270387
ENSG00000207242,RNU6-1065P
ENSG00000286763,ENSG00000286763
ENSG00000261348,LINC02136
ENSG00000234466,HDGFL3P1
ENSG00000234766,LINC01496
ENSG00000270935,ENSG00000270935
ENSG00000271848,SYNPO2L-AS1
ENSG00000279455,ENSG00000279455
ENSG00000227573,ENSG00000227573
ENSG00000273138,ENSG00000273138
ENSG00000199552,SNORA63
ENSG00000230891,LINC00692
ENSG00000232892,RGS5-AS1
ENSG00000263729,ENSG00000263729
ENSG00000229380,PRKAR1B-AS2
ENSG00000241228,RPL12P31
ENSG00000200959,SNORA74A
ENSG00000176406,RIMS2
ENSG00000269097,TPRG1LP1
ENSG00000264313,RN7SL644P
ENSG00000267433,ENSG00000267433
ENSG00000284672,ENSG00000284672
ENSG00000227764,NTRAS
ENSG00000224299,MTATP6P16
ENSG00000220125,MRPL32P1
ENSG00000278351,ENSG00000278351
ENSG00000271063,SNRPGP17
ENSG00000268079,BNIP3P30
ENSG00000216817,R3HDM2P2
ENSG00000219712,MARK2P18
ENSG00000224437,PIGUP1
ENSG00000214628,NDUFB5P2
ENSG00000171759,PAH
ENSG00000274441,ENSG00000274441
ENSG00000273792,ENSG00000273792
ENSG00000258712,CXADRP2
ENSG00000141979,ENSG00000141979
ENSG00000286816,ENSG00000286816
ENSG00000278068,ENSG00000278068
ENSG00000236836,PCYT1B-AS1
ENSG00000265181,MIR4674
ENSG00000285945,ENSG00000285945
ENSG00000288695,ENSG00000288695
ENSG00000223516,AFF2-IT1
ENSG00000273003,ARL2-SNX15
ENSG00000242931,RPL7P49
ENSG00000231681,ENSG00000231681
ENSG00000288540,ENSG00000288540
ENSG00000215871,ENSG00000215871
ENSG00000252845,RNA5SP101
ENSG00000288584,ENSG00000288584
ENSG00000239570,SETP11
ENSG00000206599,RNU6-841P
ENSG00000213076,ENSG00000213076
ENSG00000223826,LINC01870
ENSG00000225286,ENSG00000225286
ENSG00000280083,ENSG00000280083
ENSG00000264028,RN7SL744P
ENSG00000227152,OR2T7
ENSG00000258445,MAD2L1P1
ENSG00000273471,ENSG00000273471
ENSG00000276949,ENSG00000276949
ENSG00000286832,ENSG00000286832
ENSG00000279462,ENSG00000279462
ENSG00000255500,ENSG00000255500
ENSG00000233708,ENSG00000233708
ENSG00000268333,ENSG00000268333
ENSG00000227484,ENSG00000227484
ENSG00000286362,ENSG00000286362
ENSG00000285714,ENSG00000285714
ENSG00000293333,ENSG00000293333
ENSG00000264101,MIR4689
ENSG00000269043,ENSG00000269043
ENSG00000164107,HAND2
ENSG00000254350,ENSG00000254350
ENSG00000121068,TBX2
ENSG00000271573,ENSG00000271573
ENSG00000263793,MIR3115
ENSG00000293186,ENSG00000293186
ENSG00000270809,CHCHD2P11
ENSG00000207450,Y_RNA
ENSG00000237137,ENSG00000237137
ENSG00000236069,ENSG00000236069
ENSG00000260653,MIR3147HG
ENSG00000222986,RNU5A-5P
ENSG00000283256,U6
ENSG00000222282,RNU6-584P
ENSG00000215174,NLRP2B
ENSG00000204671,IL31
ENSG00000142515,KLK3
ENSG00000233069,ENSG00000233069
ENSG00000202300,RNU6-487P
ENSG00000221662,MIR1290
ENSG00000244157,EIF4E2P2
ENSG00000232760,ENSG00000232760
ENSG00000290424,ENSG00000290424
ENSG00000291219,ENSG00000291219
ENSG00000215065,DUSP8P1
ENSG00000278171,ENSG00000278171
ENSG00000232610,CCT6P4
ENSG00000226917,LINC01276
ENSG00000267200,MIR132
ENSG00000290092,ENSG00000290092
ENSG00000181927,OR4P4
ENSG00000204300,TMEM225
ENSG00000215208,KRT18P60
ENSG00000222432,Y_RNA
ENSG00000166596,CFAP52
ENSG00000279115,ENSG00000279115
ENSG00000283146,MIR548AU
ENSG00000289518,ENSG00000289518
ENSG00000101890,GUCY2F
ENSG00000287640,ENSG00000287640
ENSG00000206075,SERPINB5
ENSG00000102452,NALCN
ENSG00000202361,Y_RNA
ENSG00000267059,ENSG00000267059
ENSG00000289190,ENSG00000289190
ENSG00000293142,ENSG00000293142
ENSG00000264322,RN7SL448P
ENSG00000231882,F10-AS1
ENSG00000176826,FKBP9P1
ENSG00000282952,ENSG00000282952
ENSG00000172137,CALB2
ENSG00000197444,OGDHL
ENSG00000166923,GREM1
ENSG00000257754,ENSG00000257754
ENSG00000108688,CCL7
ENSG00000285424,ENSG00000285424
ENSG00000204876,ENSG00000204876
ENSG00000273238,TMEM271
ENSG00000013293,SLC7A14
ENSG00000230823,CBX1P1
ENSG00000266296,ARIH2P1
ENSG00000250227,TRIM60P14
ENSG00000287332,ENSG00000287332
ENSG00000275139,ENSG00000275139
ENSG00000256888,LINC02366
ENSG00000261081,ENSG00000261081
ENSG00000269345,VN1R85P
ENSG00000278967,ENSG00000278967
ENSG00000229742,ENSG00000229742
ENSG00000279659,ENSG00000279659
ENSG00000289857,ENSG00000289857
ENSG00000264330,MIR5186
ENSG00000261072,ENSG00000261072
ENSG00000244532,RN7SL380P
ENSG00000266893,ENSG00000266893
ENSG00000285766,ENSG00000285766
ENSG00000224466,CDCA4P2
ENSG00000258630,LINC02292
ENSG00000270800,RPS10-NUDT3
ENSG00000272715,ENSG00000272715
ENSG00000257173,AK6P2
ENSG00000271005,CTHRC1P1
ENSG00000235649,MXRA5Y
ENSG00000233129,ENSG00000233129
ENSG00000261475,LINC02190
ENSG00000233545,CYCSP33
ENSG00000201984,Y_RNA
ENSG00000275355,Metazoa_SRP
ENSG00000259685,IDH2-DT
ENSG00000236521,NPAP1P4
ENSG00000253247,IGHV3-76
ENSG00000266421,MIR4451
ENSG00000279474,ENSG00000279474
ENSG00000243925,RPS24P18
ENSG00000234480,MTCO2P18
ENSG00000283156,ENSG00000283156
ENSG00000213201,FABP5P10
ENSG00000267215,ENSG00000267215
ENSG00000243501,ENSG00000243501
ENSG00000248699,ENSG00000248699
ENSG00000254120,LINC02155
ENSG00000249976,ENSG00000249976
ENSG00000250604,ENSG00000250604
ENSG00000238141,BRWD1-AS1
ENSG00000268531,ENSG00000268531
ENSG00000253680,ENSG00000253680
ENSG00000290707,MED15P9
ENSG00000288049,ENSG00000288049
ENSG00000250413,SLC2A9-AS1
ENSG00000267920,SNX6P1
ENSG00000217414,DDX18P3
ENSG00000224039,CDYLP1
ENSG00000254934,LINC00678
ENSG00000255372,ENSG00000255372
ENSG00000286058,ENSG00000286058
ENSG00000235438,ESRRAP2
ENSG00000234841,ENSG00000234841
ENSG00000290674,ENSG00000290674
ENSG00000228098,ENSG00000228098
ENSG00000229367,HMGN2P19
ENSG00000259234,ANKRD34C-AS1
ENSG00000236720,LINC01741
ENSG00000183908,LRRC55
ENSG00000185372,OR2V1
ENSG00000219404,NGRNP4
ENSG00000232751,ENSG00000232751
ENSG00000273331,TM4SF19-DYNLT2B
ENSG00000223624,ENSG00000223624
ENSG00000224323,DPRXP1
ENSG00000248927,ENSG00000248927
ENSG00000279143,ENSG00000279143
ENSG00000256508,MRGPRF-AS1
ENSG00000276121,ENSG00000276121
ENSG00000234999,SNRPCP19
ENSG00000212712,ENSG00000212712
ENSG00000232875,HMGN2P35
ENSG00000148948,LRRC4C
ENSG00000206685,RNU6-1189P
ENSG00000242061,ENSG00000242061
ENSG00000237409,ENSG00000237409
ENSG00000285631,ENSG00000285631
ENSG00000249888,ENSG00000249888
ENSG00000207379,Y_RNA
ENSG00000254310,ENSG00000254310
ENSG00000237330,RNF223
ENSG00000258845,ENSG00000258845
ENSG00000280800,ENSG00000280800
ENSG00000289188,ENSG00000289188
ENSG00000202059,ENSG00000202059
ENSG00000234720,ATP5F1AP8
ENSG00000198670,LPA
ENSG00000220131,ENSG00000220131
ENSG00000228879,RPL35AP6
ENSG00000271958,ENSG00000271958
ENSG00000149742,SLC22A9
ENSG00000271969,ENSG00000271969
ENSG00000293452,ENSG00000293452
ENSG00000237849,NFYAP1
ENSG00000224384,ENSG00000224384
ENSG00000222007,ENSG00000222007
ENSG00000278716,ENSG00000278716
ENSG00000205116,TMEM88B
ENSG00000180433,OR6K6
ENSG00000251892,RNU7-84P
ENSG00000242527,ENSG00000242527
ENSG00000258905,TRAV32
ENSG00000253477,ENSG00000253477
ENSG00000267281,ATF7-NPFF
ENSG00000205976,ENSG00000205976
ENSG00000206684,RNU6-157P
ENSG00000248550,OTX2-AS1
ENSG00000255847,ENSG00000255847
ENSG00000287466,ENSG00000287466
ENSG00000289287,ENSG00000289287
ENSG00000082556,OPRK1
ENSG00000201343,Y_RNA
ENSG00000251299,SLC25A15P3
ENSG00000266202,ENSG00000266202
ENSG00000280623,PCAT14
ENSG00000178243,LINC02907
ENSG00000226631,SLC9A3P3
ENSG00000203307,FAM78B-AS1
ENSG00000201308,RNU6-512P
ENSG00000163012,ZSWIM2
ENSG00000228143,ENSG00000228143
ENSG00000239365,RPS26P49
ENSG00000208022,MIR618
ENSG00000266664,ENSG00000266664
ENSG00000218772,FAM8A6P
ENSG00000216740,ANXA2P3
ENSG00000248590,GLDCP1
ENSG00000286229,ENSG00000286229
ENSG00000282059,CICP19
ENSG00000274835,ENSG00000274835
ENSG00000214782,MS4A18
ENSG00000228992,RPL5P32
ENSG00000249085,TNPO1-DT
ENSG00000213926,MSRB1P1
ENSG00000151834,GABRA2
ENSG00000261706,LINC00165
ENSG00000248696,ENSG00000248696
ENSG00000240471,PHB1P8
ENSG00000253528,ENSG00000253528
ENSG00000249091,ENSG00000249091
ENSG00000226818,SLC6A6P1
ENSG00000151365,THRSP
ENSG00000274244,ENSG00000274244
ENSG00000226724,HRGP2
ENSG00000226374,LINC01345
ENSG00000253606,AFG3L2P1
ENSG00000289417,ENSG00000289417
ENSG00000178401,DNAJC22
ENSG00000286344,ENSG00000286344
ENSG00000270066,ENSG00000270066
ENSG00000257522,ENSG00000257522
ENSG00000285705,ENSG00000285705
ENSG00000222890,RNU6-1068P
ENSG00000266729,DSG1-AS1
ENSG00000260795,ENSG00000260795
ENSG00000286418,ENSG00000286418
ENSG00000270665,HNRNPA1P67
ENSG00000253110,ENSG00000253110
ENSG00000284744,ENSG00000284744
ENSG00000233222,ENSG00000233222
ENSG00000255229,ENSG00000255229
ENSG00000226540,GAPDHP73
ENSG00000251352,ENSG00000251352
ENSG00000207305,Y_RNA
ENSG00000260520,ENSG00000260520
ENSG00000254129,ENSG00000254129
ENSG00000178233,TMEM151B
ENSG00000293436,ENSG00000293436
ENSG00000225391,NHEG1
ENSG00000293226,VENTXP1
ENSG00000213416,KRTAP4-12
ENSG00000225000,ENSG00000225000
ENSG00000241307,RPL7AP24
ENSG00000200086,RNU6-433P
ENSG00000222123,RNA5SP390
ENSG00000251106,ABITRAMP1
ENSG00000258517,ENSG00000258517
ENSG00000176752,OR51A1P
ENSG00000274923,ENSG00000274923
ENSG00000244039,FAM20BP1
ENSG00000256193,LINC00507
ENSG00000290894,PCDHB18P
ENSG00000293432,ENSG00000293432
ENSG00000266507,MIR4479
ENSG00000290829,ENSG00000290829
ENSG00000284952,ENSG00000284952
ENSG00000215760,TAF9BP2
ENSG00000256851,ENSG00000256851
ENSG00000267603,LINC01028
ENSG00000285727,ENSG00000285727
ENSG00000229785,SLC25A38P1
ENSG00000289143,ENSG00000289143
ENSG00000279819,ENSG00000279819
ENSG00000277311,ENSG00000277311
ENSG00000233871,DLG5-AS1
ENSG00000241720,ENSG00000241720
ENSG00000207089,RNU6-921P
ENSG00000254949,GNG5P3
ENSG00000225087,ENSG00000225087
ENSG00000231361,RPS29P23
ENSG00000251438,ENSG00000251438
ENSG00000230459,ENSG00000230459
ENSG00000130700,GATA5
ENSG00000227578,RPS3AP53
ENSG00000261680,ENSG00000261680
ENSG00000188660,LINC00319
ENSG00000291281,COL6A4P1
ENSG00000280571,ENSG00000280571
ENSG00000074047,GLI2
ENSG00000267561,ENSG00000267561
ENSG00000244432,RPL39P28
ENSG00000182963,GJC1
ENSG00000258897,EGLN3-AS1
ENSG00000260170,ENSG00000260170
ENSG00000251588,ENSG00000251588
ENSG00000233888,MTCO2P17
ENSG00000268804,LINC02132
ENSG00000232903,LINC01166
ENSG00000213118,CHCHD2P4
ENSG00000260416,ENSG00000260416
ENSG00000215023,ENSG00000215023
ENSG00000237251,ENSG00000237251
ENSG00000138308,PLA2G12B
ENSG00000252779,RNU6-182P
ENSG00000281091,ENSG00000281091
ENSG00000259136,ENSG00000259136
ENSG00000226640,ENSG00000226640
ENSG00000213403,CISD1P1
ENSG00000274064,ENSG00000274064
ENSG00000259229,ENSG00000259229
ENSG00000276124,MIR6855
ENSG00000270777,ENSG00000270777
ENSG00000268066,FMR1-AS1
ENSG00000279418,LINC00244
ENSG00000261103,ENSG00000261103
ENSG00000251990,RNA5SP180
ENSG00000221783,MIR1183
ENSG00000263677,ENSG00000263677
ENSG00000179256,SMCO3
ENSG00000259708,DNAJA4-DT
ENSG00000225294,OSTCP2
ENSG00000001626,CFTR
ENSG00000270443,ENSG00000270443
ENSG00000254306,ENSG00000254306
ENSG00000263969,RN7SL678P
ENSG00000286062,ENSG00000286062
ENSG00000254768,SLC17A6-DT
ENSG00000227968,BUB3P1
ENSG00000229770,ENSG00000229770
ENSG00000201109,RNA5SP245
ENSG00000172318,B3GALT1
ENSG00000259983,ENSG00000259983
ENSG00000270612,ENSG00000270612
ENSG00000272664,OR51C4P
ENSG00000102128,RAB40AL
ENSG00000199012,MIR412
ENSG00000227597,WASF1P1
ENSG00000285588,ENSG00000285588
ENSG00000255811,ENSG00000255811
ENSG00000251545,ENSG00000251545
ENSG00000233848,ENSG00000233848
ENSG00000243954,RN7SL743P
ENSG00000212550,RNU1-78P
ENSG00000205642,VCX3B
ENSG00000254203,IGHVII-33-1
ENSG00000227261,YWHAZP7
ENSG00000254724,OR7E10P
ENSG00000223489,NEFHP1
ENSG00000222679,RNU6-1267P
ENSG00000244491,ENSG00000244491
ENSG00000288683,ENSG00000288683
ENSG00000224893,LINC02840
ENSG00000240760,RPL31P56
ENSG00000230835,ENSG00000230835
ENSG00000218574,HNRNPA1P37
ENSG00000229064,ENSG00000229064
ENSG00000262662,ENSG00000262662
ENSG00000196570,PFN3
ENSG00000183206,POTEC
ENSG00000213048,OR5S1P
ENSG00000267206,LCN6
ENSG00000279266,ENSG00000279266
ENSG00000250189,ENSG00000250189
ENSG00000287211,ENSG00000287211
ENSG00000260422,ENSG00000260422
ENSG00000274578,ENSG00000274578
ENSG00000271705,RPL17P3
ENSG00000222162,RN7SKP151
ENSG00000222921,RNA5SP104
ENSG00000271171,LINC00904
ENSG00000264616,MIR4755
ENSG00000222755,RN7SKP206
ENSG00000285673,ENSG00000285673
ENSG00000286424,ENSG00000286424
ENSG00000207952,MIR624
ENSG00000225293,ABCD1P4
ENSG00000254620,ENSG00000254620
ENSG00000213522,RAC1P5
ENSG00000213701,SETP22
ENSG00000286266,ENSG00000286266
ENSG00000258455,ENSG00000258455
ENSG00000252335,RNU6-62P
ENSG00000234995,RPS3AP28
ENSG00000287039,ENSG00000287039
ENSG00000136939,OR1L4
ENSG00000272435,RNA5SP357
ENSG00000274686,Metazoa_SRP
ENSG00000278524,MIR6810
ENSG00000288667,ENSG00000288667
ENSG00000261177,ENSG00000261177
ENSG00000229247,ENSG00000229247
ENSG00000201596,Y_RNA
ENSG00000229046,HMGN1P2
ENSG00000261431,DHX35-DT
ENSG00000243675,RPL35AP9
ENSG00000267717,SRSF10P1
ENSG00000267315,UFM1P2
ENSG00000228275,ARMCX3-AS1
ENSG00000254112,ENSG00000254112
ENSG00000232568,RPL23AP35
ENSG00000251579,ENSG00000251579
ENSG00000274614,ENSG00000274614
ENSG00000293102,ENSG00000293102
ENSG00000268723,ENSG00000268723
ENSG00000170370,EMX2
ENSG00000236545,ENSG00000236545
ENSG00000238020,HTR3E-AS1
ENSG00000137558,PI15
ENSG00000231331,ENSG00000231331
ENSG00000212398,RNU6-1248P
ENSG00000280444,ENSG00000280444
ENSG00000248498,ASNSP1
ENSG00000111783,RFX4
ENSG00000201823,SNORD48
ENSG00000259611,LINC01582
ENSG00000229452,CPVL-AS1
ENSG00000254220,IGKV2D-18
ENSG00000251870,RNU2-69P
ENSG00000262587,ENSG00000262587
ENSG00000279578,ENSG00000279578
ENSG00000254381,TUBB8P5
ENSG00000230033,ENSG00000230033
ENSG00000274354,ENSG00000274354
ENSG00000164694,FNDC1
ENSG00000278813,ENSG00000278813
ENSG00000224599,BMS1P12
ENSG00000282160,ENSG00000282160
ENSG00000196390,ENSG00000196390
ENSG00000237882,PPIAP13
ENSG00000258323,ENSG00000258323
ENSG00000257947,ENSG00000257947
ENSG00000287981,ENSG00000287981
ENSG00000093100,ENSG00000093100
ENSG00000272895,ENSG00000272895
ENSG00000269546,CLIC4P2
ENSG00000258314,ENSG00000258314
ENSG00000237115,ENSG00000237115
ENSG00000252363,RNU7-43P
ENSG00000259129,LINC00648
ENSG00000207453,RNU6-535P
ENSG00000257289,ENSG00000257289
ENSG00000207023,RNU6-975P
ENSG00000286415,ENSG00000286415
ENSG00000255734,HNRNPABP1
ENSG00000249650,CEP72-DT
ENSG00000286231,ENSG00000286231
ENSG00000289432,ENSG00000289432
ENSG00000208308,SNORA40B
ENSG00000248221,STX18-IT1
ENSG00000188784,PLA2G2E
ENSG00000241911,TRBVB
ENSG00000261017,ENSG00000261017
ENSG00000266533,MIR3619
ENSG00000219284,ENSG00000219284
ENSG00000242182,RN7SL745P
ENSG00000235200,LINC01702
ENSG00000258224,ENSG00000258224
ENSG00000231556,RSL24D1P3
ENSG00000253431,SRPK2P
ENSG00000203280,KIAA1671-AS1
ENSG00000258626,COX7A2P1
ENSG00000293000,ENSG00000293000
ENSG00000200201,Y_RNA
ENSG00000275655,RN7SL313P
ENSG00000253557,ENSG00000253557
ENSG00000286142,ENSG00000286142
ENSG00000221400,SNORD3J
ENSG00000128313,APOL5
ENSG00000233370,ACTR1AP1
ENSG00000197503,LINC00477
ENSG00000236965,OR52N3P
ENSG00000267665,ENSG00000267665
ENSG00000207992,MIR519A1
ENSG00000222033,LINC01124
ENSG00000238111,RPS13P4
ENSG00000257398,ENSG00000257398
ENSG00000135454,B4GALNT1
ENSG00000169515,CCDC8
ENSG00000259342,ENSG00000259342
ENSG00000273907,CA15P2
ENSG00000178372,CALML5
ENSG00000224236,MRRFP1
ENSG00000201560,RNU6-973P
ENSG00000256603,ENSG00000256603
ENSG00000277458,ENSG00000277458
ENSG00000222736,RNU4-6P
ENSG00000231780,RBISP6
ENSG00000106025,TSPAN12
ENSG00000286259,ENSG00000286259
ENSG00000251886,RNU6-120P
ENSG00000227179,PGBP
ENSG00000233977,ENSG00000233977
ENSG00000126785,RHOJ
ENSG00000253574,ENSG00000253574
ENSG00000252485,Vault
ENSG00000269736,ENSG00000269736
ENSG00000178235,SLITRK1
ENSG00000187550,SBK2
ENSG00000286543,ENSG00000286543
ENSG00000144596,GRIP2
ENSG00000286033,ENSG00000286033
ENSG00000230622,UQCRHP1
ENSG00000254002,ENSG00000254002
ENSG00000283464,ENSG00000283464
ENSG00000223502,ENSG00000223502
ENSG00000233086,LNCARSR
ENSG00000259055,ENSG00000259055
ENSG00000278181,ENSG00000278181
ENSG00000274713,MIR7974
ENSG00000259518,LINC01583
ENSG00000222627,RNU2-37P
ENSG00000237282,LINC00851
ENSG00000236343,EI24P4
ENSG00000283453,PRIM2BP
ENSG00000218902,PTMAP3
ENSG00000235833,ENSG00000235833
ENSG00000275011,ALOXE3P1
ENSG00000163364,LINC01116
ENSG00000252770,RNU7-4P
ENSG00000228044,ENSG00000228044
ENSG00000183632,TP53TG3
ENSG00000258534,ENSG00000258534
ENSG00000293276,ENSG00000293276
ENSG00000237024,RPL21P33
ENSG00000255672,ENSG00000255672
ENSG00000268870,ENSG00000268870
ENSG00000284698,ENSG00000284698
ENSG00000256632,ENSG00000256632
ENSG00000274297,ENSG00000274297
ENSG00000249875,ENSG00000249875
ENSG00000256103,ATP5MFP5
ENSG00000236336,CDYL-AS1
ENSG00000186038,HTR3E
ENSG00000250447,LINC02105
ENSG00000270607,LEISA1
ENSG00000183862,CNGA2
ENSG00000236511,LINC01231
ENSG00000234634,LINC02093
ENSG00000258989,ENSG00000258989
ENSG00000213302,RPL31P37
ENSG00000241818,SCG5-AS1
ENSG00000263343,ENSG00000263343
ENSG00000253460,IGKV2OR22-3
ENSG00000219806,ATP5PBP6
ENSG00000258171,LINC02412
ENSG00000248425,ENSG00000248425
ENSG00000180658,OR2A4
ENSG00000252072,RNA5SP320
ENSG00000256739,ENSG00000256739
ENSG00000243333,RN7SL174P
ENSG00000275997,ENSG00000275997
ENSG00000252499,RNU6-63P
ENSG00000270757,HSPE1-MOB4
ENSG00000254227,ENSG00000254227
ENSG00000265460,ENSG00000265460
ENSG00000199975,RN7SKP243
ENSG00000254329,IGHVII-60-1
ENSG00000185519,FAM131C
ENSG00000254864,ENSG00000254864
ENSG00000278696,RN7SL82P
ENSG00000237621,OR9A1P
ENSG00000235209,ENSG00000235209
ENSG00000241939,RN7SL517P
ENSG00000274333,LINC03104
ENSG00000159248,GJD2
ENSG00000254047,ENSG00000254047
ENSG00000234119,METAP2P1
ENSG00000286894,ENSG00000286894
ENSG00000279180,ENSG00000279180
ENSG00000207440,RNU6-541P
ENSG00000258502,LINC02290
ENSG00000115361,ACADL
ENSG00000287635,ENSG00000287635
ENSG00000286738,ENSG00000286738
ENSG00000260555,ENSG00000260555
ENSG00000237387,ENSG00000237387
ENSG00000283097,ENSG00000283097
ENSG00000287379,ENSG00000287379
ENSG00000264859,DSG2-AS1
ENSG00000197905,TEAD4
ENSG00000278549,MIR6736
ENSG00000284702,ENSG00000284702
ENSG00000213487,ASS1P4
ENSG00000256199,ENSG00000256199
ENSG00000249056,ENSG00000249056
ENSG00000235292,ENSG00000235292
ENSG00000249820,AFF4P1
ENSG00000271484,ABI1P1
ENSG00000185296,ENSG00000185296
ENSG00000271666,ENSG00000271666
ENSG00000284964,ENSG00000284964
ENSG00000063515,GSC2
ENSG00000222399,RNU6-791P
ENSG00000267204,LINC01782
ENSG00000291277,ENSG00000291277
ENSG00000278862,ENSG00000278862
ENSG00000240502,RN7SL837P
ENSG00000267311,ENSG00000267311
ENSG00000250825,PGAM1P12
ENSG00000111218,PRMT8
ENSG00000242315,RN7SL685P
ENSG00000183629,GOLGA8G
ENSG00000292997,ENSG00000292997
ENSG00000237076,ENSG00000237076
ENSG00000174992,ZG16
ENSG00000267530,LINC01836
ENSG00000271676,ENSG00000271676
ENSG00000230208,IFNNP1
ENSG00000265289,ENSG00000265289
ENSG00000259437,ENSG00000259437
ENSG00000241346,SNRPCP11
ENSG00000286959,ENSG00000286959
ENSG00000287523,ENSG00000287523
ENSG00000263620,ENSG00000263620
ENSG00000096395,MLN
ENSG00000225347,SLC25A5P8
ENSG00000234655,OR7E155P
ENSG00000233721,ENSG00000233721
ENSG00000222230,RNA5SP158
ENSG00000263456,MIR5189
ENSG00000251087,ALG1L3P
ENSG00000182397,DNM1P46
ENSG00000248366,TRAJ51
ENSG00000212505,RNA5SP299
ENSG00000086159,AQP6
ENSG00000233782,ZNF90P3
ENSG00000258740,ENSG00000258740
ENSG00000255703,ENSG00000255703
ENSG00000290769,ENSG00000290769
ENSG00000235669,CHN2-AS1
ENSG00000231702,ENSG00000231702
ENSG00000251812,Y_RNA
ENSG00000250577,ENSG00000250577
ENSG00000226839,MTND6P11
ENSG00000241218,CSP2
ENSG00000249868,ENSG00000249868
ENSG00000233535,ENSG00000233535
ENSG00000238959,RNU7-19P
ENSG00000273712,ENSG00000273712
ENSG00000256463,SALL3
ENSG00000259295,CSPG4P12
ENSG00000229717,ENSG00000229717
ENSG00000279889,ENSG00000279889
ENSG00000261320,ENSG00000261320
ENSG00000225665,SAR1AP3
ENSG00000278522,POTEB3
ENSG00000242440,LINC02046
ENSG00000232762,ENSG00000232762
ENSG00000237813,ENSG00000237813
ENSG00000261007,NPM1P3
ENSG00000272804,KRTAP10-7
ENSG00000201882,ENSG00000201882
ENSG00000279093,ENSG00000279093
ENSG00000223039,RN7SKP268
ENSG00000288575,ENSG00000288575
ENSG00000274988,MIR6876
ENSG00000241810,HMGN2P13
ENSG00000254109,RBPMS-AS1
ENSG00000228872,CSP1
ENSG00000226339,RPS26P56
ENSG00000237088,RPL7AP48
ENSG00000201554,Y_RNA
ENSG00000237139,RPS26P41
ENSG00000213184,SAE1P1
ENSG00000232217,FTLP8
ENSG00000201876,RNA5SP97
ENSG00000261834,IGHV3OR16-15
ENSG00000277883,NLRP3P1
ENSG00000222094,RNU2-65P
ENSG00000207105,Y_RNA
ENSG00000229953,BCAN-AS2
ENSG00000287268,ENSG00000287268
ENSG00000235462,TAB3P1
ENSG00000280238,ENSG00000280238
ENSG00000226338,ENSG00000226338
ENSG00000234650,PCCA-AS1
ENSG00000254039,ENSG00000254039
ENSG00000240210,RPL7AP5
ENSG00000146809,ASB15
ENSG00000235218,DNAJC17P1
ENSG00000255745,ENSG00000255745
ENSG00000286039,ENSG00000286039
ENSG00000273637,ENSG00000273637
ENSG00000230635,CYP4F60P
ENSG00000239699,HNRNPA3P8
ENSG00000258401,ATP5MC2P2
ENSG00000237252,MMADHCP1
ENSG00000231508,RPL34P20
ENSG00000257327,ENSG00000257327
ENSG00000243499,RPS6P21
ENSG00000287623,ENSG00000287623
ENSG00000285719,ENSG00000285719
ENSG00000222869,RNU6-565P
ENSG00000230080,ENSG00000230080
ENSG00000125492,BARHL1
ENSG00000231081,ENSG00000231081
ENSG00000228559,ENSG00000228559
ENSG00000252171,Y_RNA
ENSG00000234193,ACSL3-AS1
ENSG00000273481,ENSG00000273481
ENSG00000149507,OOSP2
ENSG00000235485,ENSG00000235485
ENSG00000267132,HMGB3P27
ENSG00000265521,MIR5697
ENSG00000229622,MTND5P2
ENSG00000236550,ENSG00000236550
ENSG00000286322,ENSG00000286322
ENSG00000103710,RASL12
ENSG00000229315,MCHR2-AS1
ENSG00000222072,Y_RNA
ENSG00000233694,LINC02579
ENSG00000259675,ENSG00000259675
ENSG00000251385,MTCYBP16
ENSG00000215560,TTTY5
ENSG00000264421,ENSG00000264421
ENSG00000237623,NICN2P
ENSG00000102924,CBLN1
ENSG00000255359,CCDC179
ENSG00000222488,RNU6-285P
ENSG00000257016,SLC25A39P2
ENSG00000267786,ENSG00000267786
ENSG00000269504,ENSG00000269504
ENSG00000233425,KRT18P67
ENSG00000254035,ENSG00000254035
ENSG00000196472,ENSG00000196472
ENSG00000166407,LMO1
ENSG00000249411,ENSG00000249411
ENSG00000262920,ENSG00000262920
ENSG00000228685,ENSG00000228685
ENSG00000285773,ENSG00000285773
ENSG00000106852,LHX6
ENSG00000228431,ARL5AP3
ENSG00000289864,ENSG00000289864
ENSG00000130528,HRC
ENSG00000276532,Metazoa_SRP
ENSG00000203496,ENSG00000203496
ENSG00000288595,ENSG00000288595
ENSG00000157119,KLHL40
ENSG00000238122,ENSG00000238122
ENSG00000271070,GMCL1P2
ENSG00000274387,ENSG00000274387
ENSG00000199497,RNU1-94P
ENSG00000244056,RN7SL417P
ENSG00000287283,ENSG00000287283
ENSG00000184140,OR4F6
ENSG00000286770,ENSG00000286770
ENSG00000268416,ENSG00000268416
ENSG00000215586,ENSG00000215586
ENSG00000258698,ENSG00000258698
ENSG00000238090,ENSG00000238090
ENSG00000254221,PCDHGB1
ENSG00000244137,ENSG00000244137
ENSG00000234713,ENSG00000234713
ENSG00000201142,RNU1-151P
ENSG00000174417,TRHR
ENSG00000255230,VPS51P17
ENSG00000179136,LINC00670
ENSG00000249084,ENSG00000249084
ENSG00000202177,Y_RNA
ENSG00000230026,ENSG00000230026
ENSG00000187123,LYPD6
ENSG00000285733,ENSG00000285733
ENSG00000220748,ISG20L2P1
ENSG00000164197,RNF180
ENSG00000265246,ENSG00000265246
ENSG00000289527,ENSG00000289527
ENSG00000271390,ENSG00000271390
ENSG00000230787,PSAT1P3
ENSG00000283701,MIR555
ENSG00000252800,ENSG00000252800
ENSG00000200389,RNU6-509P
ENSG00000260046,ENSG00000260046
ENSG00000249464,LINC01091
ENSG00000227491,CCNJP1
ENSG00000257893,LINC02404
ENSG00000202417,Y_RNA
ENSG00000254519,ENSG00000254519
ENSG00000289128,ENSG00000289128
ENSG00000259910,LNCPTCTS
ENSG00000126733,DACH2
ENSG00000279289,ENSG00000279289
ENSG00000165164,CFAP47
ENSG00000252362,RNU6-506P
ENSG00000232406,EPB41L1-AS1
ENSG00000277852,ENSG00000277852
ENSG00000261288,ENSG00000261288
ENSG00000226955,POLE4P1
ENSG00000290005,ENSG00000290005
ENSG00000277319,ENSG00000277319
ENSG00000249209,ENSG00000249209
ENSG00000241652,RN7SL253P
ENSG00000255921,ENSG00000255921
ENSG00000275689,ENSG00000275689
ENSG00000283929,MIR5010
ENSG00000225606,ENSG00000225606
ENSG00000229991,AKR1B1P1
ENSG00000225683,PACRG-AS3
ENSG00000260905,LINC02890
ENSG00000214210,NGRNP1
ENSG00000196468,FGF16
ENSG00000233511,ENSG00000233511
ENSG00000288081,ENSG00000288081
ENSG00000239151,RNU7-195P
ENSG00000285094,LINC01488
ENSG00000274049,INO80B-WBP1
ENSG00000293336,ENSG00000293336
ENSG00000255188,ENSG00000255188
ENSG00000237003,RPL36AP11
ENSG00000286240,ENSG00000286240
ENSG00000250645,ENSG00000250645
ENSG00000255664,ARL6IP1P1
ENSG00000199240,RNA5SP46
ENSG00000259261,IGHV4OR15-8
ENSG00000251804,RNU6-1294P
ENSG00000258780,BMS1P15
ENSG00000177047,IFNW1
ENSG00000243150,MLF1-DT
ENSG00000259009,TPRX2
ENSG00000234502,FYTTD1P1
ENSG00000212319,Y_RNA
ENSG00000239648,MTND1P3
ENSG00000184544,DHRS7C
ENSG00000202031,SNORD38A
ENSG00000238275,HOMER2P2
ENSG00000261377,PDCD6IPP2
ENSG00000237708,SPIN2P1
ENSG00000268975,MIA-RAB4B
ENSG00000212161,ENSG00000212161
ENSG00000249493,ANKRD20A18P
ENSG00000232515,ENSG00000232515
ENSG00000226872,ENSG00000226872
ENSG00000229922,LINC02865
ENSG00000255176,ENSG00000255176
ENSG00000159251,ACTC1
ENSG00000224621,ENSG00000224621
ENSG00000225883,BMS1P11
ENSG00000200355,SNORA72
ENSG00000291169,ENSG00000291169
ENSG00000234732,RPEP5
ENSG00000271612,HSPE1P14
ENSG00000251568,ALG3P1
ENSG00000214796,TUBA5P
ENSG00000250703,ENSG00000250703
ENSG00000221669,MIR548N
ENSG00000197644,ENSG00000197644
ENSG00000215562,CNN2P7
ENSG00000077009,NMRK2
ENSG00000270792,ENSG00000270792
ENSG00000241318,WDR82P2
ENSG00000248459,RPS17P9
ENSG00000205644,ENSG00000205644
ENSG00000254935,ENSG00000254935
ENSG00000287281,ENSG00000287281
ENSG00000253966,ENSG00000253966
ENSG00000222455,RNA5SP296
ENSG00000289357,ENSG00000289357
ENSG00000156150,ALX3
ENSG00000199964,Y_RNA
ENSG00000222614,Y_RNA
ENSG00000237178,H3P7
ENSG00000218233,NEPNP
ENSG00000187054,TMPRSS11A
ENSG00000212158,SNORD66
ENSG00000255763,MRPS18CP4
ENSG00000201071,Y_RNA
ENSG00000255679,JRKL-AS1
ENSG00000189299,FOXR2
ENSG00000288789,ENSG00000288789
ENSG00000261747,ENSG00000261747
ENSG00000286710,ENSG00000286710
ENSG00000242318,RPL21P48
ENSG00000265724,MIR4284
ENSG00000289109,ENSG00000289109
ENSG00000250158,ENSG00000250158
ENSG00000265944,LINC01387
ENSG00000187766,KRTAP10-8
ENSG00000228819,AGKP2
ENSG00000225625,ENSG00000225625
ENSG00000227709,SNRNP40P1
ENSG00000111404,RERGL
